<?xml version="1.0" encoding="UTF-8"?>
<project-private xmlns="http://www.netbeans.org/ns/project-private/1">
    <editor-bookmarks xmlns="http://www.netbeans.org/ns/editor-bookmarks/2" lastBookmarkId="0"/>
    <open-files xmlns="http://www.netbeans.org/ns/projectui-open-files/2">
        <group>
            <file>file:/C:/Users/AC%20Tecnologia/Documents/ProjetoFinalEE/ProjetoFinal.X/main.c</file>
            <file>file:/C:/Users/AC%20Tecnologia/Documents/ProjetoFinalEE/ProjetoFinal.X/mcc_generated_files/spi1.c</file>
            <file>file:/C:/Users/AC%20Tecnologia/Documents/ProjetoFinalEE/ProjetoFinal.X/mcc_generated_files/cmp2.c</file>
            <file>file:/C:/Users/AC%20Tecnologia/Documents/ProjetoFinalEE/ProjetoFinal.X/mcc_generated_files/cmp1.c</file>
            <file>file:/C:/Users/AC%20Tecnologia/Documents/ProjetoFinalEE/ProjetoFinal.X/bin2bcd.c</file>
            <file>file:/C:/Users/AC%20Tecnologia/Documents/ProjetoFinalEE/ProjetoFinal.X/mcc_generated_files/eusart.c</file>
            <file>file:/C:/Users/AC%20Tecnologia/Documents/ProjetoFinalEE/ProjetoFinal.X/main.h</file>
        </group>
    </open-files>
</project-private>
